noun,eisig,frostig
Kälte,9822,237
Wind,6897,170
Luft,1451,191
Winter,1409,118
Hauch,1345,61
Ablehnung,1228,44
Nacht,780,411
Atmosphäre,751,681
Temperatur,521,98
Klima,331,265
Kühle,283,41
Ton,200,124
Nebel,152,42
Boden,146,47
Lächeln,113,43
Gefühl,107,56
Stimmung,104,186
Aufnahme,81,152
Empfang,74,331
Haltung,62,102
Wintertag,61,57
Tag,49,233
