noun,kalt,frostig
Luft,30039,191
Winter,19390,118
Wind,14630,170
Nacht,9465,411
Tag,8765,233
Wetter,8450,84
Klima,8334,265
Wintertag,3321,57
Boden,2968,47
Temperatur,2829,98
Hauch,1654,61
Ton,1571,124
Nebel,1498,42
Natur,1360,115
Morgen,1255,115
Atmosphäre,1064,681
Lächeln,653,43
Aufnahme,603,152
Ablehnung,486,44
Empfang,423,331
Gefühl,264,56
Antwort,242,52
Eindruck,177,112
Allegorie,146,461
Haltung,125,102
Charakter,116,43
Stimmung,51,186
Verhältnis,45,45
